<?xml version="1.0" encoding="UTF-8"?>
<beans xmlns="http://www.springframework.org/schema/beans"
	xmlns:xsi="http://www.w3.org/2001/XMLSchema-instance"
	xmlns:context="http://www.springframework.org/schema/context"
	xmlns:tx="http://www.springframework.org/schema/tx"
	xsi:schemaLocation="http://www.springframework.org/schema/beans https://www.springframework.org/schema/beans/spring-beans-4.3.xsd
		http://www.springframework.org/schema/context https://www.springframework.org/schema/context/spring-context-4.3.xsd
		http://www.springframework.org/schema/tx https://www.springframework.org/schema/tx/spring-tx-4.3.xsd">
		
		<context:annotation-config/>
		<context:component-scan base-package="com"/>
		<bean id="dataSource" class="org.springframework.jdbc.datasource.DriverManagerDataSource"> 
		<property name="driverClassName" value="org.postgresql.Driver"></property>
		<property name="url" value="jdbc:postgresql://localhost:5432/postgres"></property>
		<property name="username" value="postgres"></property>
		<property name="password" value="postgres"></property>	
		</bean>
		<bean id="sessionFactory" class="org.springframework.orm.hibernate5.LocalSessionFactoryBean">	<!-- available in spring -->
		<property name="dataSource" ref="dataSource"></property>
		<property name="packagesToScan">		<!-- can scan multiple package for bean -->
		<list>
			<value>com.ymsli.bean</value>
		</list>
		
		</property>
		<property name="hibernateProperties">
		<props>
			<prop key="hibernate.dialect">org.hibernate.dialect.PostgreSQL82Dialect</prop>
			<prop key="hibernate.hbm2ddl.auto">update</prop>
			<prop key="show_sql">true</prop>
		
		</props>
		
		</property>
		
		</bean>
		<bean id="transactionManager" class="org.springframework.orm.hibernate5.HibernateTransactionManager">
			<property name="sessionFactory" ref="sessionFactory"></property>
		
		</bean>
		<tx:annotation-driven/>

</beans>
