<?xml version="1.0" encoding="UTF-8"?>
<beans xmlns="http://www.springframework.org/schema/beans"
	xmlns:xsi="http://www.w3.org/2001/XMLSchema-instance"
	xmlns:context="http://www.springframework.org/schema/context"
	xsi:schemaLocation="http://www.springframework.org/schema/beans https://www.springframework.org/schema/beans/spring-beans-4.3.xsd
		http://www.springframework.org/schema/context https://www.springframework.org/schema/context/spring-context-4.3.xsd">
<bean id="hello" class="com.HelloWorld">
<property name="name" value="gitesh"></property>

</bean>

<bean id="emp" class="com.Employee">
<property name="address" ref="add"></property>
<property name="empid" value="121"></property>
<property name="name" value="gitesh"></property>

</bean>
<bean id="add" class="com.Address">
<property name="city" value="fbd"></property>
<property name="country" value="India"></property>

</bean>

</beans>
